bids_name	cjv	cnr	efc	fber	fwhm_avg	fwhm_x	fwhm_y	fwhm_z	icvs_csf	icvs_gm	icvs_wm	inu_med	inu_range	qi_1	qi_2	rpve_csf	rpve_gm	rpve_wm	size_x	size_y	size_z	snr_csf	snr_gm	snr_total	snr_wm	snrd_csf	snrd_gm	snrd_total	snrd_wm	spacing_x	spacing_y	spacing_z	summary_bg_k	summary_bg_mad	summary_bg_mean	summary_bg_median	summary_bg_n	summary_bg_p05	summary_bg_p95	summary_bg_stdv	summary_csf_k	summary_csf_mad	summary_csf_mean	summary_csf_median	summary_csf_n	summary_csf_p05	summary_csf_p95	summary_csf_stdv	summary_gm_k	summary_gm_mad	summary_gm_mean	summary_gm_median	summary_gm_n	summary_gm_p05	summary_gm_p95	summary_gm_stdv	summary_wm_k	summary_wm_mad	summary_wm_mean	summary_wm_median	summary_wm_n	summary_wm_p05	summary_wm_p95	summary_wm_stdv	tpm_overlap_csf	tpm_overlap_gm	tpm_overlap_wm	wm2max
sub-101DPMB041003_ses-1_T1w	0.3886535815653971	3.47855112968323	0.6064871161733346	11402.889657823913	4.197333074884255	4.106090653224195	4.213497142857142	4.272411428571429	0.15773648449451427	0.4854266185982358	0.3568368969072499	0.4696716368198395	0.21183603405952456	0.0	0.0010012828576300935	23.78709309902035	8.905442483548107	13.001264521917859	192	256	256	2.7182189640964847	14.184475398253033	12.969332886072765	22.005304295868775	27.187607410793976	62.1769297927708	57.24003036568201	82.35555389348127	0.8800000548362732	0.875	0.875	6.393847939421285	0.0	5.414075138286347	0.0	2384457.0	0.0	21.577697644010186	7.95537329364752	1.0221208342487103	96.52947254049337	324.13746384711243	330.14127426594496	34569.0	80.68008662536741	512.2090363796799	121.45323959771919	0.18584233422180363	51.897565881985685	753.6611825091171	755.0193925332278	83017.0	664.2830486744642	839.1099055301397	53.2282529979444	0.41083153844847553	43.334467511458044	999.8067364698278	1000.0500262659043	285315.0	925.2656767256558	1074.584344547242	45.44578253868543	0.14378816332422664	0.47783330814085445	0.5112352546547873	0.8337919533041485
sub-101DPMB041005_ses-1_T1w	0.38459817357551246	3.5038185770834103	0.6605192601615774	11688.273485087166	4.648152763469422	4.5097497189796965	4.7008914285714285	4.733817142857142	0.19338272858706512	0.4336942165489053	0.3729230548640296	0.4551309496164322	0.23542729020118713	0.0	0.0010640670881194767	16.23132434978753	7.712131851790656	10.177163648256409	192	256	256	3.1042555260165177	14.292424693625241	13.65354969695858	23.563968871233982	35.29931483459713	82.61231670572751	75.50977079526406	108.61768084546758	0.8800000548362732	0.875	0.875	8.165005649181563	0.0	3.5057351352720976	0.0	1844458.0	0.0	16.150289081037045	6.0317262070374165	1.266301527234333	88.03317218897278	334.4213906892792	324.99461543932557	80203.0	171.950258821249	518.5105421729386	104.69260234349021	0.2539436058981748	51.2283431382158	760.9849961173795	760.5971454158425	84400.0	673.5197707563639	849.2799642421305	53.216487460974925	0.6099422572153883	40.854781282210936	1001.2184079746071	1000.0239829495549	437419.0	934.1768102571368	1071.7657715380192	42.438642035107435	0.17199034080709694	0.4742575407900158	0.5275076749466814	0.8472954755377711
sub-101DPMB041007_ses-1_T1w	0.4120562021210928	3.321695705667471	0.6541563240631963	8458.065556711757	4.285136818122157	4.171124740080755	4.317897142857143	4.366388571428572	0.20002693828450122	0.43578624146759226	0.3641868202479065	0.5036531388759613	0.22530300468206405	0.0	0.0007724873865831356	20.016311233277417	9.652187823600698	12.887296473499307	192	256	256	2.934880032681754	12.976282116752627	12.267927740797965	20.892621072959518	26.920810061751606	62.170673349008055	57.34851119340336	82.95405016945041	0.8800000548362732	0.875	0.875	6.302929258827843	0.0	5.35471847161957	0.0	2353415.0	0.0	21.471646446734667	7.897795546087256	0.7643454067704898	94.65977715482772	329.37538834745123	324.53555290587246	60696.0	131.93299131235108	515.8400804572739	110.57790295687408	0.1847003598519117	56.090227971030906	748.7795569649314	749.4794474449009	63124.0	651.9916824065149	843.3705764915794	57.75718376906196	0.2542209120397425	47.149469688300464	999.0242401076151	1000.0270599499345	311957.0	919.2731171045452	1075.3400767687708	47.8650071538689	0.15191636438659173	0.4565638495129407	0.49870073166636464	0.8036938709181662
sub-101DPMB041008_ses-1_T1w	0.40567677064892355	3.2962396715432076	0.6652017522816208	8917.045207538444	4.278830475698157	4.191954284237329	4.346445714285714	4.2980914285714285	0.22068819107221224	0.431267966038545	0.3480438428892428	0.5167994201183319	0.24814673662185666	0.0	0.0008341790910694656	15.353307928691002	8.194899175864185	11.64796898169531	192	256	256	2.7369046441496874	12.628081232596106	12.500424509555913	22.136287651921943	29.762365349591036	73.00535993303048	66.59442129804461	97.01553861151233	0.8800000548362732	0.875	0.875	7.6707358482490005	0.0	4.115849500293255	0.0	2013140.0	0.0	17.85269022732973	6.75307006737061	0.9307574914068422	91.086915601099	314.2092957569914	306.7870119512081	77205.0	112.50186914205551	510.6417951364071	112.09196702074212	0.3060963717337084	56.52268423461054	750.952651815054	752.5307873617858	52541.0	649.6534132305533	847.4542394503951	59.59128802704195	0.4392901978578525	43.87993864387359	1000.790247969555	1000.0249259043485	341181.0	928.0157507974654	1074.5025595761836	45.175752867583235	0.16037841676872525	0.45047975345385344	0.49891529929269296	0.8268802572983671
sub-101DPMB041009_ses-1_T1w	0.39504165888606285	3.416510657408798	0.6146809431633037	13170.43140625	4.415840884927658	4.289488369068686	4.429588571428572	4.528445714285715	0.19651073556284077	0.44720943123266543	0.3562798332044938	0.4928338825702667	0.2262809976935387	0.0	0.0011029465785116546	19.488283263008967	9.112873161840607	12.566289154682426	192	256	256	3.0870550875244707	14.240759159739582	13.064930911702497	21.866978487843436	39.45154952477892	102.16393610619018	92.09706206682945	134.67570056951928	0.8800000548362732	0.875	0.875	6.363764980685485	4.864777571594163	5.50257744395758	3.281242609024048	2208577.0	0.0	21.930031538009644	7.990687966567575	2.5407195345729425	66.25197081314928	304.4874720772575	292.9512286186218	75219.0	171.3540429830551	477.74184205532055	94.89603294544932	0.16937467874115386	52.462601293666545	757.1926225311652	758.628012418747	63207.0	667.4141891002655	842.3823201656342	53.27117766309244	0.6356599328630637	42.90803814945643	999.8973866137766	1000.0472078323364	300228.0	925.947779417038	1075.374151468277	45.73313788676042	0.160034451134516	0.46839816780355137	0.5070678928189165	0.8443248629795715
sub-101DPMB041011_ses-1_T1w	0.3801029732673361	3.5295127452328825	0.5757927552290385	16695.593273469385	4.383162487196009	4.263647461588026	4.445371428571429	4.440468571428571	0.20058104111152836	0.46239489695087416	0.3370240619375975	0.4801100194454193	0.20902920961380006	0.0	0.0009372469330399375	23.33480743049551	10.892126054118828	16.227497965646066	192	256	256	2.6743507692496626	14.312328373528477	13.520274407471248	23.574144079635605	43.63853473857699	105.29684075853577	95.88624513665691	138.72335991285797	0.8800000548362732	0.875	0.875	6.534064853300098	4.722847336046391	4.881177814247886	3.1855121199041605	2420366.0	0.0	18.887327766045928	6.983038764633193	0.9218037855306975	88.43252728439622	316.3628225966656	314.5881339199841	52588.0	79.7381340879947	516.9471642675808	117.63047183603146	0.14705677361853065	52.39757398810524	756.7141537213959	759.079947123304	63377.0	666.0228607859462	840.0471370685846	53.03637106986709	0.6811330740938133	39.195914111755094	1000.0354103917707	1000.050143469125	226658.0	931.0474360529333	1070.256823970005	42.42138904433286	0.14508407485927166	0.4784953247060709	0.5101311115137024	0.8587305347950634
sub-101DPMB041012_ses-1_T1w	0.3866755187455541	3.5591604045233316	0.6573095321695862	13008.50933789101	4.550121663720737	4.310079276876495	4.709645714285714	4.63064	0.18997430802774812	0.42318182072598287	0.386843871246269	0.46378809213638306	0.21783314943313598	0.0	0.0006613101886557886	18.117622600473364	8.464630856897877	10.646973941309533	192	256	256	3.480074082817607	13.056103626993552	12.78066927591423	21.805830117931528	30.400386000150082	68.50175232415249	63.8483723427849	92.64297870405211	0.8800000548362732	0.875	0.875	8.941071073082869	0.0	4.32635135060355	0.0	2367449.0	0.0	18.83682608604431	7.0719580054927835	1.2192668738318932	77.70832480283224	335.6786337318437	328.16105645149946	77387.0	194.9682138003409	505.4085261113941	94.29653748042568	0.15071390992425604	55.59321978818973	740.2018207372922	739.4513810239732	68814.0	647.9632713273168	834.4949416443706	56.63604007010433	0.27868289800639534	45.17276383417112	999.8567623225838	1000.0470969080925	381548.0	925.1236211508512	1074.9941186979413	45.86139491071432	0.17266779226869747	0.4668679075401902	0.5167553324110781	0.833347321541897
sub-101DPMB041013_ses-1_T1w	0.3468385501869594	3.8947966221027315	0.5713536972232175	15909.54559855588	4.467148545780643	4.360965637341929	4.580217142857143	4.460262857142857	0.20346470641390738	0.4363258643568002	0.36020942922929244	0.4306727945804596	0.1510003298521042	0.0	0.0009329123146592157	21.21737585940222	10.546439085520861	14.52908458325091	192	256	256	2.620571888983334	13.045974543196653	13.516525138173007	24.88302898233903	38.31502518060106	95.45425707804547	88.17287043340376	130.74932904156475	0.8800000548362732	0.875	0.875	5.857532971393377	5.010822804902496	5.526880550079063	3.379748621955514	2333652.0	0.0	20.915815757587552	7.561504033377309	0.7213056979711396	81.03216307356608	292.210970580479	293.05317479744554	46142.0	70.08922692211345	482.00622946880736	111.82673539863988	0.09956157829170076	54.918617941731355	729.8313910408336	730.083640890196	65769.0	637.3781018324196	822.1673062015325	55.961943516659915	0.3610739997464467	38.71218532701814	998.7936249032058	1000.0386479627341	296989.0	931.7097872514278	1062.9405980296433	40.18951893043241	0.1443435255556487	0.4601654045362827	0.5076267625555693	0.9064825026696777
sub-101DPMB041015_ses-1_T1w	0.3859675652578753	3.494999615999389	0.6005459071263429	15482.099066840277	4.452917245470983	4.438397450698664	4.339611428571429	4.580742857142857	0.23405453618320696	0.42708712389247805	0.33885833992431497	0.4773370027542114	0.19484224170446396	0.0	0.000995864809253079	18.983000570450656	10.6180009124025	15.208975497559258	192	256	256	2.9708941275963006	13.40304590143145	13.469198703804452	24.03365608238561	29.090273600684522	72.28983280293039	65.74163419423745	95.84479617909743	0.8800000548362732	0.875	0.875	6.651546909267534	0.0	4.6846428667438555	0.0	2376205.0	0.0	18.610507987439632	6.835706898783851	1.3484396308154585	75.13455322521999	312.69105688662984	303.5285231284797	72422.0	130.60005605220795	496.8620828909799	102.16669276334547	0.2213395068661148	54.163956570320806	752.5126471063539	754.2736272979528	47838.0	656.9882462583482	842.8834331855178	56.2756965229832	0.28815646043271137	40.69644231297005	999.1410895125069	1000.0466077812016	262641.0	929.7791133373976	1065.3233143687248	41.610177849065316	0.15596509641893364	0.45862358079057614	0.4975398760731661	0.8530985775390431
sub-101DPMB041017_ses-1_T1w	0.3852977410051015	3.507117205531961	0.6106059986321076	16890.14361761865	4.179841302335863	3.9932724784361584	4.2844114285714285	4.26184	0.1779328802594076	0.47115740100580805	0.3509097187347843	0.47278252243995667	0.1992063403129578	0.0	0.0009633846578519286	23.551000590190764	9.9806513939392	14.522026954679825	192	256	256	2.7286190482031443	14.17798035477323	12.989932080358919	22.063196838100385	35.46677498923966	85.47023114130522	78.15265219222245	113.52095044612248	0.8800000548362732	0.875	0.875	5.423919212296159	5.771318133089084	6.8625892655546705	3.892694925889373	2123812.0	0.0	26.292373728007078	9.476260900986537	0.9563083018460734	86.7016878393783	318.49686592600597	312.4388167373836	35936.0	106.10374169424176	518.5736960414797	114.50278108869676	0.14658196218297626	52.07377904084379	751.7921031949458	752.936174551025	74442.0	662.736872125417	837.685704080388	53.10566797904261	0.3987108919314748	43.13648067474584	999.0126469142857	1000.0444484464824	265192.0	923.9255796670914	1072.2928662709892	45.32627661679308	0.15179242078638958	0.46780656185886615	0.4996708271933839	0.8678145388565031
sub-101DPMB041020_ses-1_T1w	0.3882257351271897	3.474236495256256	0.6078598864728073	18498.878418857254	4.432473655494677	4.289283823626887	4.502491428571429	4.5056457142857145	0.21216717312332484	0.4330145806716841	0.3548182462049911	0.4624102711677551	0.20414569973945618	0.0	0.0010645660721977312	18.679564306033836	9.605894192778868	13.242656425150312	192	256	256	3.565102614507217	14.08970126449884	13.723976989193334	23.517127088573943	25.261486419733263	64.82669485223416	58.46575637135161	85.30908784208744	0.8800000548362732	0.875	0.875	6.035918228169864	0.0	5.238738435876919	0.0	2215868.0	0.0	21.081130674108863	7.679916916659151	3.1004761795573366	57.878231367607	307.73633591062554	296.1308773178607	80828.0	205.85920798778534	461.19312221184373	83.06326001639552	0.23934427358170973	51.70272357497555	758.6274784169736	759.9388927966356	70969.0	667.0291895512491	845.3973072636873	53.935390431061144	0.25775881308281434	41.51313571713365	999.2565007037307	1000.0462603867054	328547.0	928.8887666184455	1068.334313755855	42.524103165167304	0.15296457902812718	0.46282776408690063	0.5241174759324547	0.8764403905696166
sub-101DPMB041023_ses-1_T1w	0.4066683953370995	3.3370720246970262	0.6463388394445048	9386.031456008935	4.266851732005883	4.148795196017651	4.2942285714285715	4.357531428571429	0.1889227320624671	0.4436971144193916	0.3673801535181413	0.4785867929458618	0.23991984128952026	0.0	0.0009041384950015134	17.752563103559783	8.24075272890282	11.150549813624776	192	256	256	2.9854944433737645	14.901851150567733	13.340281185738808	22.133497963274923	29.303294485404844	68.46131803798721	62.23716323894005	88.9468771934281	0.8800000548362732	0.875	0.875	7.908006892512583	0.0	4.498963050771671	0.0	2256200.0	0.0	19.44834741577506	7.365842661401599	3.938602765321728	83.43269225074411	343.9577431691341	329.4633860066533	58968.0	192.24900940079243	544.5118237245825	110.35377846650682	0.2693911570262246	49.44565598565781	768.187202816854	769.7256587482989	71757.0	680.273120380938	850.8762916535138	51.65266298352976	0.39266156996898305	44.219692344897226	1000.3209152591513	1000.0493067242205	373493.0	927.2350883893669	1074.243889387697	45.18255404561332	0.16755353410790133	0.47099695593812424	0.5171263762945482	0.8117122163979033
sub-101DPMB041025_ses-1_T1w	0.3993922433971902	3.37508300990633	0.6284202730333117	12209.297432372177	4.257131168585273	4.180090648612962	4.287382857142857	4.30392	0.15367395991293495	0.48910720749836567	0.3572188325886994	0.4997061789035797	0.24812409281730652	0.0	0.0011479541678203404	23.72571627236303	8.596084987305312	12.402505338134999	192	256	256	2.9307632231167475	15.112222690581838	12.887527391163252	20.619596259791166	26.04556505576262	58.61399475316226	53.856367468403455	76.90954259628549	0.8800000548362732	0.875	0.875	6.311123243128584	0.0	5.757627844254496	0.0	2034935.0	0.0	23.29925763234496	8.518713866411764	1.9988546128157223	98.05285151428475	343.65873134996195	338.6694987472147	36501.0	150.874368743971	538.1920947302133	115.5551758201	0.15113443657393688	49.62266710609154	760.9856866031737	762.1555600780994	100746.0	676.3271143678576	841.9386527501047	50.432804830476314	0.6475797380880683	45.39127688774265	1000.6516130347588	1000.051877707243	297367.0	922.8711408710108	1081.2360393237323	48.499989213889926	0.1604221398722055	0.49143191971961236	0.5073909204246402	0.8244786213906183
sub-101DPMB041026_ses-1_T1w	0.3904923301166795	3.455677110167627	0.6513470697025466	9109.725478950957	4.193952988292839	4.1066361077356595	4.184102857142857	4.29112	0.18028074083530837	0.4678470886451954	0.3518721705194962	0.5197967290878296	0.23788461089134216	0.0	0.0008779077396498652	20.26131934519943	8.625970410680313	12.33677716649464	192	256	256	2.918716939169256	13.502711367491212	12.167100615233531	20.079873539040122	38.31994136571805	92.19951298109606	84.93299604293014	124.2795337819763	0.8800000548362732	0.875	0.875	5.383237082090055	5.271758394148332	6.179919492315137	3.555747002363205	2334133.0	0.0	24.728604152798653	8.991014161651696	1.6960923031772088	78.83675053067277	312.36181974305237	308.3533025458455	55737.0	114.08021632581949	494.9384327471254	105.64592004448068	0.1625538982559136	54.07546110361243	739.817245340665	741.9119995385408	83650.0	646.3917050659657	826.8337435711176	54.94508063699308	0.6074790234178549	46.72694940267839	998.4309913292187	1000.0538444146514	295766.0	915.8742278814316	1078.2533409893513	49.803707769983504	0.15775852120968067	0.4687707970058931	0.4890318979710926	0.7878470752856219
sub-101DPMB041028_ses-1_T1w	0.41783459762331954	3.2484125236926404	0.6615297782542902	9196.201121189217	4.262508246735128	4.169124740205382	4.324125714285715	4.294274285714286	0.1873082273091569	0.4481305266696408	0.36456124602120227	0.5490482747554779	0.24383152723312373	0.0	0.0007771312705688024	20.205494071274263	9.133972964861416	12.409041566827803	192	256	256	2.961154656870559	12.991498314295443	11.995924984276433	20.0351219816633	24.267088851219036	57.63043264084067	52.89677977810572	76.79281784225743	0.8800000548362732	0.875	0.875	5.776705794656344	0.0	5.771711074859951	0.0	2117118.0	0.0	23.419371843338013	8.531831949588973	1.4466469837496945	85.86417183649347	322.7386221359903	316.0299503803253	52252.0	136.8693636059761	507.06887125968933	106.72422176204296	0.1634844402220117	56.24972182266776	749.6030412173184	750.5202984809875	56195.0	653.2784736156464	844.0781772136688	57.769596891258495	0.3355317604109853	48.0215153517605	1000.5741474115936	1000.0717663764954	307429.0	919.910055398941	1083.6064410209656	49.91584981523744	0.15360434626388053	0.4720318288286794	0.5185008704376395	0.7885097795130048
sub-101DPMB041030_ses-1_T1w	0.3593888004901617	3.7665001621941148	0.611727134640923	18615.36722818578	4.34648084317422	4.215511100951229	4.4301257142857144	4.3938057142857145	0.18836477993144995	0.44293186271179114	0.3687033573567589	0.4351491332054138	0.17707958221435544	0.0	0.001057641977372531	20.219694440212265	9.390403855585603	12.774082030969998	192	256	256	2.838047847908681	13.160743366601489	13.739117777036734	25.218562116600033	48.0489388151697	113.32798388780517	104.87240725354941	153.24029905767335	0.8800000548362732	0.875	0.875	6.809581973093492	4.275407970214611	4.897275975839904	2.88371885381639	2160656.0	0.0	19.64397956058383	7.196916827711328	1.291315713699908	85.28313793217568	316.6040109058316	313.56648168340325	55417.0	107.20929507203401	504.45566054806113	110.48568217320758	0.14454833164545056	55.25884436690915	738.6323990689854	739.5763165690005	72705.0	644.4135943930596	830.0340237729251	56.19524747238371	0.36308835693593133	38.35008803357918	998.9712089506004	1000.0433435682207	331933.0	932.7854797746986	1062.1191862635314	39.65499034203216	0.16101897543905547	0.469065187733759	0.5284033596509875	0.8950961151250703
sub-101DPMB041032_ses-1_T1w	0.3563959797021653	3.781575840241468	0.6073387943709129	13334.978736591998	4.69363074890261	4.585806532422114	4.748617142857142	4.746468571428571	0.21412441691923584	0.4317128146667069	0.35416276841405725	0.4588433504104614	0.19588533639907835	0.0	0.0010052172739601771	18.607085934436544	9.616154040453106	13.154731072126072	192	256	256	2.6287293896059647	14.040044655806307	13.778344264453695	24.666258747948813	26.993729387901187	66.43288304828417	60.834855900739605	89.07795526603346	0.8800000548362732	0.875	0.875	6.863038486350831	0.0	5.026929791869056	0.0	2111328.0	0.0	19.98786025121808	7.354960222751771	0.3267022751577753	93.78757710073043	300.64449115501753	303.0480460431427	76493.0	78.65071257203817	488.3801689147949	115.28233615353344	0.27767042287824806	51.16854789046019	744.6989612948043	745.8160045798868	81530.0	655.5454513411969	830.5151043646038	53.12030331632552	0.3756700405394411	39.43706549095142	999.3295500898649	1000.0433767773211	330137.0	932.4271770771593	1064.6679010819644	40.54290812427651	0.14673687356814152	0.4804404210939425	0.5212256186078488	0.8579684714534581
sub-101DPMB042001_ses-1_T1w	0.3841300533418882	3.441044149543126	0.6025752002874171	17229.889273503366	4.463460710363532	4.357079273947739	4.5316	4.501702857142857	0.17925522922725443	0.46067839251225307	0.3600663782604925	0.4626770168542862	0.21080628931522372	0.0037715793642487928	0.0002575749519136085	21.580805129145038	9.349341270645303	13.143817793822432	192	256	256	2.7344666918483744	14.641313953036725	13.481365133315435	23.06831475506121	42.41166774762458	100.62215841986202	91.70480236426476	132.0805809253077	0.8800000548362732	0.875	0.875	91.89292776585765	4.96024005837452	6.666018432221921	3.3456310778856277	2181213.0	0.0	24.336028799414635	14.295899751855991	1.2458516588849493	94.8560975546689	320.5037193008495	321.1118376329541	44311.0	104.78012399747968	514.1387101300061	117.42992342249467	0.22121603292094782	50.58765374602507	760.0850812777355	761.8414439409971	77577.0	671.7110593140126	842.8240482509136	52.03334455782372	0.45764269152036663	40.9049933581022	1000.1025641834311	1000.0228783488274	303058.0	929.6042187437415	1072.1601840555668	43.35042412411644	0.1452215566457896	0.4728744956681556	0.518702231786881	0.8604687174616034
sub-101DPMB042002_ses-1_T1w	0.39338170560559593	3.4712226829448194	0.6310926919009124	10597.231836734694	4.467618632501879	4.354170183219925	4.4960571428571425	4.5526285714285715	0.18597907582033793	0.45837512303669325	0.35564580114296884	0.4907033145427704	0.2226160272955895	0.0	0.0010676150862760562	20.364195647669746	8.943742204704813	12.526373140329715	192	256	256	2.8392259719627284	14.273206099216873	12.840336928163866	21.408578713312	25.54571294526639	64.34145157003995	58.41392504195829	85.35461061056851	0.8800000548362732	0.875	0.875	6.255541079040428	0.0	5.125122690966902	0.0	2055107.0	0.0	20.935480803251266	7.6756647784969765	1.1425732430477797	81.1167664309308	308.4481125705962	299.2969541847706	62432.0	119.66041137427092	495.6286998093128	105.41413756676833	0.15642466609647343	51.731650473969616	752.3473366326721	753.8329630494118	82269.0	663.475739210844	837.3932897746563	52.81422942277763	0.39778175708978214	45.116153164287255	999.4233793929296	1000.0259157419205	312454.0	922.1469648480415	1074.7139569222927	46.711382799166955	0.15056926330068593	0.4830633380926945	0.5165356275952869	0.8293005560398992
sub-101DPMB042004_ses-1_T1w	0.3899743588226533	3.5230258576380193	0.6721850588207677	7171.537624319761	4.6104933688823415	4.540931535218452	4.672731428571429	4.617817142857143	0.16767784687092116	0.44072411268017214	0.39159804044890667	0.41743049025535583	0.19692836403846742	0.0	0.0007220890228511396	19.299877152158036	7.987965244153603	10.059761207450016	192	256	256	2.640608173086082	13.753881337245252	13.628446928144768	24.490851274102972	31.27319564701512	76.4119780379847	69.5241016136773	100.88713115603207	0.8800000548362732	0.875	0.875	10.078105636482615	0.0	3.8194648529516346	0.0	1901068.0	0.0	17.200960025191307	6.494110086762247	0.3976005483148395	100.10919740107796	310.36339461516053	309.99891823530197	64192.0	94.3613045565784	506.56690974980575	117.39587370924632	0.1464256773104089	54.116356608818485	758.8562333733978	757.4419576227665	88948.0	670.4926039867103	851.4611511677504	55.070832825937224	0.3236436712275972	40.496332578070295	1000.1520691053533	1000.0545475184917	409180.0	933.5677939504385	1065.3963877409697	40.83375111392946	0.13915936165427123	0.44361854189165323	0.48277914210091816	0.7632335625873711
sub-101DPMB042006_ses-1_T1w	0.3616918721910218	3.6966281754342876	0.5796496677582982	12741.7387039239	4.3394842183596545	4.2847383693646774	4.354708571428572	4.379005714285714	0.22931344264083992	0.4503452889845995	0.32034126837456056	0.48233509063720703	0.17942606061697003	0.0	0.0008301123881395488	22.359453212492888	11.808322782733098	18.085399987264317	192	256	256	2.881766975063285	13.683072927695578	13.259352493078014	23.213217576475177	26.62563990625953	68.32985234044736	62.32629358613232	92.02338851169007	0.8800000548362732	0.875	0.875	7.567637053130353	0.0	4.8040223321713045	0.0	2421220.0	0.0	19.229970831423998	7.119385435587251	1.574733183737668	67.6007049853236	299.8438500753747	289.3415675908327	69238.0	112.69136304706338	480.233774803765	100.40349570806934	0.17187906916943785	52.43821747041708	740.3752012944153	742.5424011982977	62253.0	647.5334838218987	826.992467276752	54.26678942584753	0.458847670707879	40.68959631282217	998.6051151425254	1000.0207161493599	207216.0	926.705155835487	1068.0205482803285	43.079693707296244	0.16129808532057877	0.4905780816735928	0.5258974562339448	0.8937815188371403
sub-101DPMB042010_ses-1_T1w	0.43336915731840797	3.1964105443632653	0.6460512567578666	17891.324044901867	4.1939838314556726	4.154442922938446	4.177668571428572	4.24984	0.19102301417730755	0.4305190314920962	0.37845795433059626	0.43731996417045593	0.1727009266614914	0.0	0.001124135142974645	18.698273599858446	8.821906511655493	11.433750775590825	192	256	256	3.2253674690606045	13.219372000373845	12.662863299560867	21.54385042924815	28.915643713915617	66.19281247795439	60.6516678058698	86.84654722573939	0.8800000548362732	0.875	0.875	6.257130338008993	0.0	4.965811448196599	0.0	1652274.0	0.0	20.67152662202716	7.543969879243976	1.2786984956692091	84.50248344840516	344.1485948593794	332.96691378578544	57920.0	197.08329072315246	532.178296353668	103.23290062241465	-0.005377782088089145	57.78765220308126	762.4391383011024	762.2177359648049	51576.0	668.3713948726654	857.8086105175316	57.658589730267686	0.3588303226769316	45.280576036503895	999.6108898115185	1000.047831851989	353778.0	923.3361550234258	1075.1105660945177	46.419112579338204	0.17032835777561514	0.46083240043750623	0.5139307452740163	0.85760836151245
sub-101DPMB042014_ses-1_T1w	0.43298232069823456	3.1616083859012436	0.6282784034968336	8918.603115030963	4.455221491794568	4.250670189669418	4.683462857142857	4.431531428571429	0.18896489174520736	0.43865347871795346	0.3723816295368392	0.5767678618431091	0.30231442749500276	0.0	0.0007955198532817051	21.95275488099927	9.94909771149789	12.964851560897973	192	256	256	2.423839414227793	13.92516362345215	11.868981005115495	19.257939977666545	23.06468512474683	56.19780631624332	51.063819098180836	73.92896585355236	0.8800000548362732	0.875	0.875	5.425811228316006	0.0	5.951398355789947	0.0	2316039.0	0.0	24.292977154254913	8.862240740936295	1.0387857099994946	104.14638641175725	309.0878793980679	312.0034120976925	48404.0	75.53654663264751	523.0905093252659	128.72147690157823	0.14991955644148236	53.754429562904825	758.9841096384766	760.2057963609695	47581.0	667.143601924181	846.6620057821274	54.59166070372025	0.3355004201084921	50.09858674628409	1001.8927630773873	1000.0608928501606	276766.0	919.9062451720238	1090.4061095789075	51.929702103028795	0.1472438274967156	0.45488166523726337	0.49376141802567863	0.6890324475113786
sub-101DPMB042016_ses-1_T1w	0.400153153517414	3.415719063331895	0.6008090230618378	11691.346622240733	4.420796015990958	4.232045190830016	4.561371428571428	4.468971428571429	0.1885915485968201	0.4469457961616746	0.3644626552415053	0.46043825149536133	0.18072031736373906	0.0	0.0008577748763592594	22.974810652063507	10.476758466990734	14.372772337694363	192	256	256	2.7090904655327623	12.542364845364599	12.600771538204347	22.550859303715676	38.4603730543956	92.95004419924877	85.38096029735686	124.73246363842618	0.8800000548362732	0.875	0.875	5.9529213375952885	5.2525652743161535	5.9992888651001985	3.5428014397621155	2409125.0	0.0	22.82892677746713	8.27216168977959	0.5337112186759891	90.04866592155754	301.33546584913387	308.3565803132951	42307.0	82.52513103745878	482.10220567192874	113.82157219964073	-0.04360083545417259	59.78075852831072	743.7780721717749	745.228282853961	54883.0	644.1720860356465	839.3339460976422	59.41634634024427	0.3916517453520125	42.18466485935161	998.9088628591433	1000.0442764088511	265245.0	925.180453484878	1070.9888752400875	44.34608800513266	0.15479159608170612	0.47140148300352797	0.51765532832893	0.8708068379931367
sub-101DPMB042018_ses-1_T1w	0.405530874239156	3.291216588230318	0.644713145543916	7709.614013918296	4.464795624673072	4.3142497311620716	4.57392	4.506217142857143	0.22072778114987074	0.402501034122014	0.37677118472811527	0.4254515469074249	0.19428559392690659	0.0	0.0009925482441320557	14.718925628627836	8.186289301908415	10.222446079312732	192	256	256	3.3800896331056194	13.321019029829872	13.52199504282796	23.864876465548388	33.79660554511519	82.2386404058619	74.50560457583254	107.48156777652052	0.8800000548362732	0.875	0.875	7.425467860720284	0.0	3.7729357616264805	0.0	2351575.0	0.0	16.299740877002478	6.095601967688836	1.8561930015910377	69.59817211769372	322.8284482465483	314.4546009991318	102032.0	181.83990922383964	489.9919437505305	93.03098265644316	0.23138019952043987	54.486346782879664	764.2962630361452	765.1750357300043	55689.0	667.6591193098575	858.379127363488	57.44066305380316	0.5072373336595195	40.7600406152234	1000.7006560973093	1000.043435273692	425795.0	933.5404924955219	1069.5672633610666	41.904355230653096	0.15532883211304196	0.4361550634437378	0.5027046369937608	0.8717018462565412
sub-101DPMB042019_ses-1_T1w	0.3681724706890702	3.6364825196819406	0.5906319625475257	18301.83207503414	4.555165904778793	4.375852000050664	4.640365714285714	4.64928	0.19550380702137526	0.4276564146684145	0.37683977831021026	0.4197302758693695	0.16746333241462708	0.0	0.001151768204446999	18.52826147699844	9.043974021275957	11.828342481936057	192	256	256	2.881542096494413	12.901837832906592	13.680492797146778	25.25809846203933	30.584523583013823	76.24090042948461	69.74528690179945	102.41043669289992	0.8800000548362732	0.875	0.875	6.615126079824266	0.0	4.297863671562981	0.0	2094856.0	0.0	17.395548552274704	6.397306161571403	1.0085101428680403	78.02996210869675	303.1067583771886	298.6531677469611	61636.0	106.49781143339351	484.1576112052426	103.64267986349437	0.18495093071625268	55.85787338135206	743.725576036441	744.4806639980525	69027.0	647.5404195785522	838.0638338053599	57.70304052361196	0.5063141945408791	38.22547047652007	1000.1809887155765	1000.0221597589552	373146.0	935.9426390714943	1064.3235624432564	39.59208652516817	0.161660144592982	0.45990444259817503	0.5158089749671527	0.8721220854043078
sub-101DPMB042021_ses-1_T1w	0.3364913894374389	3.9848688809003483	0.5894330401123633	13733.743819816245	4.5308523755891885	4.42645426962471	4.677028571428571	4.489074285714286	0.14768502619236484	0.5022189856560723	0.35009598815156295	0.4533776044845581	0.20482939481735224	0.0	0.0010770347040210053	28.429662144489804	9.976389377312074	15.150783157470439	192	256	256	1.6829005029330595	14.448556921216342	13.389577770091831	24.037275886126093	22.584110586690617	70.10111336317992	62.62636102007648	95.19385911035891	0.8800000548362732	0.875	0.875	6.450802569599496	0.0	4.663736748529092	0.0	2365822.0	0.0	18.696401650086045	6.882436952099047	-0.5509663709974442	176.10901487977975	232.71250670876657	237.25397830456495	23267.0	36.481493662856515	467.87353288587184	140.97617733676975	0.18457600654308415	49.99437821092334	734.8299054958007	736.4367069117725	113857.0	649.2241507116705	816.1483115516603	50.96934433507297	0.6224120188256097	38.707466795442635	1000.3728149259282	1000.0447747278959	258623.0	932.9840286895633	1069.2102653831244	41.60383423067539	0.12717767112725975	0.480399747954086	0.5086587986189605	0.8843808166013227
sub-101DPMB042022_ses-1_T1w	0.3599720712597408	3.703869218664275	0.641346260336792	9433.720335535636	4.481593739832405	4.397238362354359	4.472068571428571	4.575474285714286	0.18493731803962168	0.47031339330250294	0.3447492886578754	0.4725158363580704	0.23575422465801238	0.0	0.0009806412952905413	18.864903805407238	8.30249238134504	12.454661489177749	192	256	256	2.823611750789077	14.227377870592623	13.792467027108648	24.326411459944243	33.21103400381727	76.27651620886505	70.34958510239994	101.56120509451752	0.8800000548362732	0.875	0.875	9.41811459351493	0.0	3.8882494804781786	0.0	2150864.0	0.0	17.01242583245039	6.4509999810491045	0.6981372688194858	94.2884714279417	326.07363448645447	327.02255550026894	54734.0	103.7278001382947	519.4122927747667	115.81605297359155	0.2651566121490698	50.88019401583269	749.3692011930465	751.0799348317087	97176.0	659.8581342473626	833.3422133475542	52.79089914664393	0.6236460601110765	38.74327127856724	1000.3663106334137	1000.0533204078674	323436.0	934.1101713739336	1067.9163670279086	41.109712218344896	0.1585016655916052	0.48150850855760713	0.5110789864709271	0.8054023721337431
sub-101DPMB042024_ses-1_T1w	0.3719096929310495	3.641923576971636	0.5822522527683491	13150.128296687302	4.562896226347154	4.5254315361843185	4.594205714285714	4.569051428571429	0.20129195452977336	0.43985055738527135	0.3588574880849553	0.4417623281478882	0.16731348633766174	0.0	0.0009849118612765139	22.22126007922856	10.696438019888808	14.656023859426647	192	256	256	2.3912628763405652	13.397111346413444	13.20270779483741	23.819749161758224	37.90637743894225	97.50083976418541	88.76867856776452	130.8988185001659	0.8800000548362732	0.875	0.875	6.3847168541355295	5.005021169446124	5.345927181554365	3.3758354783058167	2497235.0	0.0	20.346251666545868	7.377581591083612	0.08203425830618372	110.24573657023218	287.4772858539758	289.5919407606125	60731.0	82.30879948288202	491.84554336965084	121.10318752387522	0.05510596885518826	55.15668599572046	743.2239971908529	744.8735363483429	67826.0	649.4377549886703	832.5996393859386	55.59915313128732	0.479632262009726	39.7358099601297	999.5730227704651	1000.022831350565	285748.0	931.1147301346064	1068.794074371457	41.98285526537192	0.12999287653860722	0.47060334628982337	0.5038237066603344	0.8722157042236343
sub-101DPMB042027_ses-1_T1w	0.43727226079212544	3.1403753879132172	0.6223994861559674	10776.774584280898	4.2005717333560195	4.0837952000680575	4.31864	4.19928	0.15218662746675501	0.46507213927405233	0.3827412332591927	0.5846268534660339	0.31912540942430473	0.0	0.0007730123286047353	25.909681125040954	9.323249157639216	12.089375021263566	192	256	256	1.925362067777413	13.21025136367947	10.79959075973524	17.263158847748837	33.01949279180908	74.24953820265682	69.00515686494022	99.74643960035473	0.8800000548362732	0.875	0.875	5.710123431750512	6.568540852840918	6.834252960698138	4.430413478985429	2127792.0	0.0	26.502892607823014	9.738358675910382	12.717117355408625	100.35707776062038	341.83287087302773	331.06065751053393	37262.0	92.85430357558653	552.6065344107336	171.9449139905226	0.11960321637882787	56.402919658526216	743.9818602295119	744.4421115797013	65581.0	651.0054871905595	834.7217347472906	56.35293495318972	0.32855927218587766	55.3802725796408	1003.0187404892514	1000.0796222593635	266947.0	912.718235515058	1103.1994856894016	57.93132982773376	0.11802635390239008	0.45427222737899825	0.47500398003689165	0.6946578952217738
sub-101DPMB042029_ses-1_T1w	0.36067234162113093	3.6463632806975657	0.5990950661754472	12239.292594873537	4.451939349329483	4.231795190845594	4.586799999999999	4.537222857142857	0.19487515697599864	0.4673288343428404	0.337796008681161	0.49331703782081604	0.2253466963768005	0.0	0.0008888813549685245	20.32305852956938	9.262679324768092	13.929069164741577	192	256	256	2.7736084086829615	14.41314232572476	13.258844806246332	22.589783684331277	42.954405973410864	103.45495768036189	94.82011481355899	138.05098078690423	0.8800000548362732	0.875	0.875	8.50944993458851	4.745729010499698	5.244306616939575	3.2009455747902393	2351600.0	0.0	20.830768894404173	7.773033631165311	3.0893283649212027	81.95508945055248	310.8055985689749	311.1565325278789	54725.0	85.74102061949671	490.557220665738	112.1837129677365	0.3679155750423049	49.063536847012266	746.7604516315981	749.4152270331979	74677.0	656.6370506808162	828.0846201982349	51.99492188235178	0.5128246799905871	41.32434799912045	998.8796799987223	1000.024642881006	274829.0	925.7134602293372	1071.233370590955	44.26880918806909	0.15273483489973555	0.4697994240017827	0.49394956463411444	0.8456845393024467
sub-101DPMB042031_ses-1_T1w	0.3887197244387696	3.5089752634986384	0.6079557220246845	11522.03462277092	4.304305495897212	4.261567916263065	4.305942857142857	4.3454057142857145	0.19084137356091863	0.44536559806901366	0.36379302837006766	0.4798990786075592	0.20213155448436737	0.0	0.0010714383726789594	20.92668618750063	9.752821913358568	13.420261255057243	192	256	256	3.1885937039103114	14.092754760817975	13.584679409237728	23.472689762984896	29.119679734624263	70.09292947920244	63.89605766211389	92.47556377251496	0.8800000548362732	0.875	0.875	7.121900564828433	0.0	4.763375565065068	0.0	2182038.0	0.0	19.09012284874916	7.08475817060813	2.1634935048396997	73.4078102009362	323.0347486504292	314.90524557232857	49895.0	170.15444748699667	500.0887836545705	98.75892607168993	0.07251495798966934	53.037922330171455	756.2699186755925	757.9970443248749	57433.0	665.7709551155567	842.9656155943869	53.785825283478935	0.3925524487739618	41.05155973955139	1000.179362422265	1000.046717017889	292817.0	930.9530900120735	1070.1684534549713	42.60461921848178	0.18557960450702013	0.4895043082592955	0.5192519930853503	0.8229857680995429
sub-101DPMB042033_ses-1_T1w	0.384389384828022	3.5038750841061566	0.6025546756891131	9478.165790706804	4.202195994906526	4.205056556148148	4.1836	4.217931428571428	0.20142196325525555	0.4553776438249837	0.3432003929197608	0.4840141236782074	0.20561354756355282	0.0	0.0011437688635864756	21.22026645821296	10.111260753873026	14.670354793663929	192	256	256	3.382317041735644	14.931189630746042	13.355619250123796	21.753351077889707	34.72759565920433	85.56058382044068	77.72379717124697	112.88321203409588	0.8800000548362732	0.875	0.875	5.290829506687004	5.80380676197721	6.644131937420651	3.914608173072338	2181309.0	0.0	24.94650922715664	9.042973507001022	2.1414937641486302	70.11431150338927	317.4340382637553	307.64929946511984	57871.0	196.35042423382401	483.96471044048667	90.95736372328356	0.27123170604432234	49.06199380777008	756.5928694593819	757.975125387311	68369.0	670.5894000828266	837.390611194074	50.764178933211326	0.34775011196807304	43.97915682988942	998.8052951774395	1000.0243450328708	271037.0	922.4372973293066	1073.405012525618	45.970963123750984	0.1560130212377973	0.4718863323036246	0.49983107471138055	0.8567097932183609
sub-101DPMB042034_ses-1_T1w	0.36750239507817273	3.724795028242217	0.6471539715639049	13741.498513674198	4.5681909244326	4.471715630440659	4.605234285714286	4.627622857142858	0.15352399247366189	0.47599544036810104	0.3704805671582371	0.4620436429977417	0.22741318941116334	0.0	0.0008918686043901382	22.097043283021808	8.15689919140886	11.343618477533752	192	256	256	2.393639504986008	14.537836291569509	13.24029198505818	22.789400158619024	30.488762280895433	71.49341752928476	65.8954989307949	95.70431698220452	0.8800000548362732	0.875	0.875	7.079753485755537	0.0	4.224135748259833	0.0	2034510.0	0.0	18.573404759168625	6.845759867694211	0.25790143491117457	116.37299755244906	310.61561958802525	318.5882287081331	38306.0	68.34741265932098	521.9509566812776	133.0960946932794	0.227964545890313	49.874141808192455	746.716704518233	747.0608693491668	109175.0	661.6034485157579	830.665889441967	51.38711380199604	0.3197568022160171	43.09975397080949	999.6971350570138	1000.0494131632149	348561.0	927.8057842794806	1070.4653399828821	43.88215449558189	0.1384493806689474	0.4816048366867995	0.5098979351528661	0.840146076275055
